command	exit_code	stdout_file	stderr_file
printenv OPENCODE_CONFIG_DIR	0	/home/pete.levasseur/opencode-project-agents/fls/reports/dedupe-maintenance-corrections-pr5-20260207T160835Z/commands/01-printenv.stdout.txt	/home/pete.levasseur/opencode-project-agents/fls/reports/dedupe-maintenance-corrections-pr5-20260207T160835Z/commands/01-printenv.stderr.txt
git fetch origin	0	/home/pete.levasseur/opencode-project-agents/fls/reports/dedupe-maintenance-corrections-pr5-20260207T160835Z/commands/02-git-fetch-origin.stdout.txt	/home/pete.levasseur/opencode-project-agents/fls/reports/dedupe-maintenance-corrections-pr5-20260207T160835Z/commands/02-git-fetch-origin.stderr.txt
uv sync	0	/home/pete.levasseur/opencode-project-agents/fls/reports/dedupe-maintenance-corrections-pr5-20260207T160835Z/commands/03-uv-sync.stdout.txt	/home/pete.levasseur/opencode-project-agents/fls/reports/dedupe-maintenance-corrections-pr5-20260207T160835Z/commands/03-uv-sync.stderr.txt
git branch --show-current	0	/home/pete.levasseur/opencode-project-agents/fls/reports/dedupe-maintenance-corrections-pr5-20260207T160835Z/commands/04-git-branch-show-current.stdout.txt	/home/pete.levasseur/opencode-project-agents/fls/reports/dedupe-maintenance-corrections-pr5-20260207T160835Z/commands/04-git-branch-show-current.stderr.txt
git status --short --branch	0	/home/pete.levasseur/opencode-project-agents/fls/reports/dedupe-maintenance-corrections-pr5-20260207T160835Z/commands/05-git-status-short-branch.stdout.txt	/home/pete.levasseur/opencode-project-agents/fls/reports/dedupe-maintenance-corrections-pr5-20260207T160835Z/commands/05-git-status-short-branch.stderr.txt
git status	0	/home/pete.levasseur/opencode-project-agents/fls/reports/dedupe-maintenance-corrections-pr5-20260207T160835Z/commands/06-git-status.stdout.txt	/home/pete.levasseur/opencode-project-agents/fls/reports/dedupe-maintenance-corrections-pr5-20260207T160835Z/commands/06-git-status.stderr.txt
git diff	0	/home/pete.levasseur/opencode-project-agents/fls/reports/dedupe-maintenance-corrections-pr5-20260207T160835Z/commands/07-git-diff.stdout.txt	/home/pete.levasseur/opencode-project-agents/fls/reports/dedupe-maintenance-corrections-pr5-20260207T160835Z/commands/07-git-diff.stderr.txt
mkdir evidence + copy changelog pre	0	/home/pete.levasseur/opencode-project-agents/fls/reports/dedupe-maintenance-corrections-pr5-20260207T160835Z/commands/08-prepare-evidence-and-copy-changelog.stdout.txt	/home/pete.levasseur/opencode-project-agents/fls/reports/dedupe-maintenance-corrections-pr5-20260207T160835Z/commands/08-prepare-evidence-and-copy-changelog.stderr.txt
git status --short --branch (post-edit)	0	/home/pete.levasseur/opencode-project-agents/fls/reports/dedupe-maintenance-corrections-pr5-20260207T160835Z/commands/09-git-status-short-branch-post-edit.stdout.txt	/home/pete.levasseur/opencode-project-agents/fls/reports/dedupe-maintenance-corrections-pr5-20260207T160835Z/commands/09-git-status-short-branch-post-edit.stderr.txt
git diff -- src/changelog.rst	0	/home/pete.levasseur/opencode-project-agents/fls/reports/dedupe-maintenance-corrections-pr5-20260207T160835Z/commands/10-git-diff-changelog.stdout.txt	/home/pete.levasseur/opencode-project-agents/fls/reports/dedupe-maintenance-corrections-pr5-20260207T160835Z/commands/10-git-diff-changelog.stderr.txt
rg heading placement check	0	/home/pete.levasseur/opencode-project-agents/fls/reports/dedupe-maintenance-corrections-pr5-20260207T160835Z/commands/11-heading-placement-check.stdout.txt	/home/pete.levasseur/opencode-project-agents/fls/reports/dedupe-maintenance-corrections-pr5-20260207T160835Z/commands/11-heading-placement-check.stderr.txt
duplicate :dp: IDs on origin/main	0	/home/pete.levasseur/opencode-project-agents/fls/reports/dedupe-maintenance-corrections-pr5-20260207T160835Z/commands/12-duplicate-dp-origin-main.stdout.txt	/home/pete.levasseur/opencode-project-agents/fls/reports/dedupe-maintenance-corrections-pr5-20260207T160835Z/commands/12-duplicate-dp-origin-main.stderr.txt
duplicate :dp: IDs on HEAD	0	/home/pete.levasseur/opencode-project-agents/fls/reports/dedupe-maintenance-corrections-pr5-20260207T160835Z/commands/13-duplicate-dp-head.stdout.txt	/home/pete.levasseur/opencode-project-agents/fls/reports/dedupe-maintenance-corrections-pr5-20260207T160835Z/commands/13-duplicate-dp-head.stderr.txt
duplicate :dp: counts before-after	0	/home/pete.levasseur/opencode-project-agents/fls/reports/dedupe-maintenance-corrections-pr5-20260207T160835Z/commands/14-duplicate-dp-counts.stdout.txt	/home/pete.levasseur/opencode-project-agents/fls/reports/dedupe-maintenance-corrections-pr5-20260207T160835Z/commands/14-duplicate-dp-counts.stderr.txt
./make.py	0	/home/pete.levasseur/opencode-project-agents/fls/reports/dedupe-maintenance-corrections-pr5-20260207T160835Z/commands/15-make-py.stdout.txt	/home/pete.levasseur/opencode-project-agents/fls/reports/dedupe-maintenance-corrections-pr5-20260207T160835Z/commands/15-make-py.stderr.txt
git status --short --branch (pre-commit)	0	/home/pete.levasseur/opencode-project-agents/fls/reports/dedupe-maintenance-corrections-pr5-20260207T160835Z/commands/16-git-status-pre-commit.stdout.txt	/home/pete.levasseur/opencode-project-agents/fls/reports/dedupe-maintenance-corrections-pr5-20260207T160835Z/commands/16-git-status-pre-commit.stderr.txt
git diff (pre-commit)	0	/home/pete.levasseur/opencode-project-agents/fls/reports/dedupe-maintenance-corrections-pr5-20260207T160835Z/commands/17-git-diff-pre-commit.stdout.txt	/home/pete.levasseur/opencode-project-agents/fls/reports/dedupe-maintenance-corrections-pr5-20260207T160835Z/commands/17-git-diff-pre-commit.stderr.txt
git log --oneline -n 8	0	/home/pete.levasseur/opencode-project-agents/fls/reports/dedupe-maintenance-corrections-pr5-20260207T160835Z/commands/18-git-log-recent.stdout.txt	/home/pete.levasseur/opencode-project-agents/fls/reports/dedupe-maintenance-corrections-pr5-20260207T160835Z/commands/18-git-log-recent.stderr.txt
git add src/changelog.rst	0	/home/pete.levasseur/opencode-project-agents/fls/reports/dedupe-maintenance-corrections-pr5-20260207T160835Z/commands/19-git-add-changelog.stdout.txt	/home/pete.levasseur/opencode-project-agents/fls/reports/dedupe-maintenance-corrections-pr5-20260207T160835Z/commands/19-git-add-changelog.stderr.txt
git commit docs(changelog)...	0	/home/pete.levasseur/opencode-project-agents/fls/reports/dedupe-maintenance-corrections-pr5-20260207T160835Z/commands/20-git-commit.stdout.txt	/home/pete.levasseur/opencode-project-agents/fls/reports/dedupe-maintenance-corrections-pr5-20260207T160835Z/commands/20-git-commit.stderr.txt
git rev-parse HEAD	0	/home/pete.levasseur/opencode-project-agents/fls/reports/dedupe-maintenance-corrections-pr5-20260207T160835Z/commands/21-git-rev-parse-head.stdout.txt	/home/pete.levasseur/opencode-project-agents/fls/reports/dedupe-maintenance-corrections-pr5-20260207T160835Z/commands/21-git-rev-parse-head.stderr.txt
git status --short --branch (post-commit)	0	/home/pete.levasseur/opencode-project-agents/fls/reports/dedupe-maintenance-corrections-pr5-20260207T160835Z/commands/22-git-status-post-commit.stdout.txt	/home/pete.levasseur/opencode-project-agents/fls/reports/dedupe-maintenance-corrections-pr5-20260207T160835Z/commands/22-git-status-post-commit.stderr.txt
git push origin dedupe-paragraph-ids-mainline	0	/home/pete.levasseur/opencode-project-agents/fls/reports/dedupe-maintenance-corrections-pr5-20260207T160835Z/commands/23-git-push.stdout.txt	/home/pete.levasseur/opencode-project-agents/fls/reports/dedupe-maintenance-corrections-pr5-20260207T160835Z/commands/23-git-push.stderr.txt
git status --short --branch (post-push)	0	/home/pete.levasseur/opencode-project-agents/fls/reports/dedupe-maintenance-corrections-pr5-20260207T160835Z/commands/24-git-status-post-push.stdout.txt	/home/pete.levasseur/opencode-project-agents/fls/reports/dedupe-maintenance-corrections-pr5-20260207T160835Z/commands/24-git-status-post-push.stderr.txt
write PR #5 body template	0	/home/pete.levasseur/opencode-project-agents/fls/reports/dedupe-maintenance-corrections-pr5-20260207T160835Z/commands/25-write-pr-body-template.stdout.txt	/home/pete.levasseur/opencode-project-agents/fls/reports/dedupe-maintenance-corrections-pr5-20260207T160835Z/commands/25-write-pr-body-template.stderr.txt
gh pr edit 5 --body-file	0	/home/pete.levasseur/opencode-project-agents/fls/reports/dedupe-maintenance-corrections-pr5-20260207T160835Z/commands/26-gh-pr-edit-body.stdout.txt	/home/pete.levasseur/opencode-project-agents/fls/reports/dedupe-maintenance-corrections-pr5-20260207T160835Z/commands/26-gh-pr-edit-body.stderr.txt
gh pr view 5 --json title,headRefName,baseRefName,body,url	0	/home/pete.levasseur/opencode-project-agents/fls/reports/dedupe-maintenance-corrections-pr5-20260207T160835Z/commands/27-gh-pr-view-json.stdout.txt	/home/pete.levasseur/opencode-project-agents/fls/reports/dedupe-maintenance-corrections-pr5-20260207T160835Z/commands/27-gh-pr-view-json.stderr.txt
git status --short --branch (final)	0	/home/pete.levasseur/opencode-project-agents/fls/reports/dedupe-maintenance-corrections-pr5-20260207T160835Z/commands/28-git-status-final.stdout.txt	/home/pete.levasseur/opencode-project-agents/fls/reports/dedupe-maintenance-corrections-pr5-20260207T160835Z/commands/28-git-status-final.stderr.txt
git branch --show-current (final)	0	/home/pete.levasseur/opencode-project-agents/fls/reports/dedupe-maintenance-corrections-pr5-20260207T160835Z/commands/29-git-branch-show-current-final.stdout.txt	/home/pete.levasseur/opencode-project-agents/fls/reports/dedupe-maintenance-corrections-pr5-20260207T160835Z/commands/29-git-branch-show-current-final.stderr.txt
