verify_project_parent	0	ls /home/pete.levasseur/project
bootstrap_printenv	0	printenv OPENCODE_CONFIG_DIR
bootstrap_fetch_origin	0	git -C "/home/pete.levasseur/project/fls" fetch origin
bootstrap_uv_sync	0	uv sync --project "/home/pete.levasseur/project/fls"
step1_verify_local_dedupe	0	git -C "/home/pete.levasseur/project/fls" show-ref --verify -- refs/heads/dedupe-paragraph-ids-mainline
step1_verify_remote_dedupe	0	git -C "/home/pete.levasseur/project/fls" show-ref --verify -- refs/remotes/origin/dedupe-paragraph-ids-mainline
step1_dedupe_commit_reachable	0	git -C "/home/pete.levasseur/project/fls" log dedupe-paragraph-ids-mainline --grep='fix(paragraph-ids): deduplicate reused glossary IDs' --format='%H %s' -n 1
step2_anchor_branch_exists_check	1	git -C "/home/pete.levasseur/project/fls" show-ref --verify --quiet refs/heads/changelog-assistant-upstream-pr-anchor-on-dedupe
step2_anchor_worktree_add	0	git -C "/home/pete.levasseur/project/fls" worktree add -b "changelog-assistant-upstream-pr-anchor-on-dedupe" "/home/pete.levasseur/project/fls-anchor-on-dedupe-20260207T042229Z" "changelog-assistant-upstream-pr-anchor"
step2_anchor_pre_sha	0	git -C "/home/pete.levasseur/project/fls-anchor-on-dedupe-20260207T042229Z" rev-parse HEAD
step2_anchor_pre_base_main	0	git -C "/home/pete.levasseur/project/fls-anchor-on-dedupe-20260207T042229Z" merge-base HEAD origin/main
step2_anchor_pre_divergence	0	git -C "/home/pete.levasseur/project/fls-anchor-on-dedupe-20260207T042229Z" rev-list --left-right --count origin/main...HEAD
step2_anchor_rebase	0	git -C "/home/pete.levasseur/project/fls-anchor-on-dedupe-20260207T042229Z" rebase --onto dedupe-paragraph-ids-mainline eaafc97e1db8f4a3d153db1abe96ececacf1be2c
step2_anchor_post_sha	0	git -C "/home/pete.levasseur/project/fls-anchor-on-dedupe-20260207T042229Z" rev-parse HEAD
step2_anchor_post_base_dedupe	0	git -C "/home/pete.levasseur/project/fls-anchor-on-dedupe-20260207T042229Z" merge-base HEAD dedupe-paragraph-ids-mainline
step2_anchor_post_divergence	0	git -C "/home/pete.levasseur/project/fls-anchor-on-dedupe-20260207T042229Z" rev-list --left-right --count dedupe-paragraph-ids-mainline...HEAD
step2_anchor_verify_ancestor	0	git -C "/home/pete.levasseur/project/fls-anchor-on-dedupe-20260207T042229Z" merge-base --is-ancestor dedupe-paragraph-ids-mainline HEAD
step3_abi_branch_exists_check	1	git -C "/home/pete.levasseur/project/fls" show-ref --verify --quiet refs/heads/system-abi-variadic-on-dedupe
step3_abi_worktree_add	0	git -C "/home/pete.levasseur/project/fls" worktree add -b "system-abi-variadic-on-dedupe" "/home/pete.levasseur/project/fls-system-abi-on-dedupe-20260207T042229Z" "system-abi-variadic"
step3_abi_pre_sha	0	git -C "/home/pete.levasseur/project/fls-system-abi-on-dedupe-20260207T042229Z" rev-parse HEAD
step3_abi_pre_base_main	0	git -C "/home/pete.levasseur/project/fls-system-abi-on-dedupe-20260207T042229Z" merge-base HEAD origin/main
step3_abi_pre_divergence	0	git -C "/home/pete.levasseur/project/fls-system-abi-on-dedupe-20260207T042229Z" rev-list --left-right --count origin/main...HEAD
step3_abi_rebase	0	git -C "/home/pete.levasseur/project/fls-system-abi-on-dedupe-20260207T042229Z" rebase --onto dedupe-paragraph-ids-mainline f1b193f5197f48686bd56fe881633bb62fad7f27
step3_abi_post_sha	0	git -C "/home/pete.levasseur/project/fls-system-abi-on-dedupe-20260207T042229Z" rev-parse HEAD
step3_abi_post_base_dedupe	0	git -C "/home/pete.levasseur/project/fls-system-abi-on-dedupe-20260207T042229Z" merge-base HEAD dedupe-paragraph-ids-mainline
step3_abi_post_divergence	0	git -C "/home/pete.levasseur/project/fls-system-abi-on-dedupe-20260207T042229Z" rev-list --left-right --count dedupe-paragraph-ids-mainline...HEAD
step3_abi_verify_ancestor	0	git -C "/home/pete.levasseur/project/fls-system-abi-on-dedupe-20260207T042229Z" merge-base --is-ancestor dedupe-paragraph-ids-mainline HEAD
step4_integration_worktree_add	0	git -C "/home/pete.levasseur/project/fls" worktree add -b "system-abi-variadic-anchor-integration-on-dedupe-20260207T042229Z" "/home/pete.levasseur/project/fls-system-abi-anchor-integration-20260207T042229Z" "system-abi-variadic-on-dedupe"
step4_integration_base_sha	0	git -C "/home/pete.levasseur/project/fls-system-abi-anchor-integration-20260207T042229Z" rev-parse HEAD
step4_assistant_commit_manifest	0	git -C "/home/pete.levasseur/project/fls" log --reverse --format='%H %s' dedupe-paragraph-ids-mainline..changelog-assistant-upstream-pr-anchor-on-dedupe
step4_intro_commit_lookup	0	git -C "/home/pete.levasseur/project/fls" log --reverse --diff-filter=A --format='%H %s' dedupe-paragraph-ids-mainline..changelog-assistant-upstream-pr-anchor-on-dedupe -- tools/changelog_assistant.py
step4_anchor_fix_lookup	0	git -C "/home/pete.levasseur/project/fls" log --reverse --format='%H %s' dedupe-paragraph-ids-mainline..changelog-assistant-upstream-pr-anchor-on-dedupe --grep='^fix(changelog-assistant): anchor updates to existing upstream PR entries$'
step4_assistant_ci_lookup	0	git -C "/home/pete.levasseur/project/fls" log --reverse --format='%H %s' dedupe-paragraph-ids-mainline..changelog-assistant-upstream-pr-anchor-on-dedupe --grep='^ci(changelog-assistant): run coverage checks in pull requests$'
step4_cherry_pick_01	0	git -C "/home/pete.levasseur/project/fls-system-abi-anchor-integration-20260207T042229Z" cherry-pick 81b2ad693637808a4c216f3d08aa785091390cab
step4_cherry_pick_01_new_sha	0	git -C "/home/pete.levasseur/project/fls-system-abi-anchor-integration-20260207T042229Z" rev-parse HEAD
step4_cherry_pick_02	0	git -C "/home/pete.levasseur/project/fls-system-abi-anchor-integration-20260207T042229Z" cherry-pick 5289d458a9ae07e8882d1a92ec47040bbe775ad6
step4_cherry_pick_02_new_sha	0	git -C "/home/pete.levasseur/project/fls-system-abi-anchor-integration-20260207T042229Z" rev-parse HEAD
step4_cherry_pick_03	0	git -C "/home/pete.levasseur/project/fls-system-abi-anchor-integration-20260207T042229Z" cherry-pick 3b490704286c5524f1fbc11cca003109942ef4ee
step4_cherry_pick_03_new_sha	0	git -C "/home/pete.levasseur/project/fls-system-abi-anchor-integration-20260207T042229Z" rev-parse HEAD
step4_cherry_pick_04	0	git -C "/home/pete.levasseur/project/fls-system-abi-anchor-integration-20260207T042229Z" cherry-pick 13a35c6f0fc47eba70aad07b68e3d6a1cd285839
step4_cherry_pick_04_new_sha	0	git -C "/home/pete.levasseur/project/fls-system-abi-anchor-integration-20260207T042229Z" rev-parse HEAD
step4_cherry_pick_05	0	git -C "/home/pete.levasseur/project/fls-system-abi-anchor-integration-20260207T042229Z" cherry-pick e7b2ce4838b606d4651b1a450a3fcc27df1982b8
step4_cherry_pick_05_new_sha	0	git -C "/home/pete.levasseur/project/fls-system-abi-anchor-integration-20260207T042229Z" rev-parse HEAD
step4_cherry_pick_06	0	git -C "/home/pete.levasseur/project/fls-system-abi-anchor-integration-20260207T042229Z" cherry-pick 02937b55eb7326775a33bbae546eac879c15d387
step4_cherry_pick_06_new_sha	0	git -C "/home/pete.levasseur/project/fls-system-abi-anchor-integration-20260207T042229Z" rev-parse HEAD
step4_integration_head_sha	0	git -C "/home/pete.levasseur/project/fls-system-abi-anchor-integration-20260207T042229Z" rev-parse HEAD
step5_tool_exists	0	test -f "/home/pete.levasseur/project/fls-system-abi-anchor-integration-20260207T042229Z/tools/changelog_assistant.py"
step5_help_output	0	uv run --project "/home/pete.levasseur/project/fls-system-abi-anchor-integration-20260207T042229Z" python "/home/pete.levasseur/project/fls-system-abi-anchor-integration-20260207T042229Z/tools/changelog_assistant.py" --help
step5_help_has_require_anchor	0	rg --fixed-strings -- '--require-anchor' "/home/pete.levasseur/opencode-project-agents/fls/reports/system-abi-variadic-dedupe-base-integration-20260207T042229Z/step5_help_output.stdout.txt"
step5_field_update_action	0	rg -n --fixed-strings 'update_action' "/home/pete.levasseur/project/fls-system-abi-anchor-integration-20260207T042229Z/tools/changelog_assistant.py"
step5_field_anchored_pr_url	0	rg -n --fixed-strings 'anchored_pr_url' "/home/pete.levasseur/project/fls-system-abi-anchor-integration-20260207T042229Z/tools/changelog_assistant.py"
step5_field_anchored_entry_line	0	rg -n --fixed-strings 'anchored_entry_line' "/home/pete.levasseur/project/fls-system-abi-anchor-integration-20260207T042229Z/tools/changelog_assistant.py"
step5_field_anchored_entry_index	0	rg -n --fixed-strings 'anchored_entry_index' "/home/pete.levasseur/project/fls-system-abi-anchor-integration-20260207T042229Z/tools/changelog_assistant.py"
step5_py_compile	0	uv run --project "/home/pete.levasseur/project/fls-system-abi-anchor-integration-20260207T042229Z" python -m py_compile "/home/pete.levasseur/project/fls-system-abi-anchor-integration-20260207T042229Z/tools/changelog_assistant.py"
step6_base_ref	0	git -C "/home/pete.levasseur/project/fls-system-abi-anchor-integration-20260207T042229Z" merge-base HEAD origin/main
step6_release	0	uv run --project "/home/pete.levasseur/project/fls-system-abi-anchor-integration-20260207T042229Z" python -c "import re,pathlib; text=pathlib.Path('/home/pete.levasseur/project/fls-system-abi-anchor-integration-20260207T042229Z/version.rst').read_text(encoding='utf-8'); m=re.search(r'\|spec_version\|\s+replace::\s+([0-9]+\.[0-9]+\.[0-9]+)', text); print(m.group(1) if m else '')"
step7_anchor_before_scan	0	rg -n '^- .*<https://github.com/rust-lang/rust/pull/145954>' "/home/pete.levasseur/project/fls-system-abi-anchor-integration-20260207T042229Z/src/changelog.rst"
step7_pre_check	1	uv run --project "/home/pete.levasseur/project/fls-system-abi-anchor-integration-20260207T042229Z" python "/home/pete.levasseur/project/fls-system-abi-anchor-integration-20260207T042229Z/tools/changelog_assistant.py" --check --base "f1b193f5197f48686bd56fe881633bb62fad7f27" --emit-report "/home/pete.levasseur/opencode-project-agents/fls/reports/system-abi-variadic-dedupe-base-integration-20260207T042229Z/pre-check"
step7_pre_check_artifacts	0	test -f "/home/pete.levasseur/opencode-project-agents/fls/reports/system-abi-variadic-dedupe-base-integration-20260207T042229Z/pre-check.json" && test -f "/home/pete.levasseur/opencode-project-agents/fls/reports/system-abi-variadic-dedupe-base-integration-20260207T042229Z/pre-check.md"
step7_update_first	0	uv run --project "/home/pete.levasseur/project/fls-system-abi-anchor-integration-20260207T042229Z" python "/home/pete.levasseur/project/fls-system-abi-anchor-integration-20260207T042229Z/tools/changelog_assistant.py" --update --base "f1b193f5197f48686bd56fe881633bb62fad7f27" --title "Anchor replace validation (abi-on-dedupe integration)" --upstream-pr "https://github.com/rust-lang/rust/pull/145954" --emit-report "/home/pete.levasseur/opencode-project-agents/fls/reports/system-abi-variadic-dedupe-base-integration-20260207T042229Z/update"
step7_update_first_artifacts	0	test -f "/home/pete.levasseur/opencode-project-agents/fls/reports/system-abi-variadic-dedupe-base-integration-20260207T042229Z/update.json" && test -f "/home/pete.levasseur/opencode-project-agents/fls/reports/system-abi-variadic-dedupe-base-integration-20260207T042229Z/update.md"
step7_update_first_metadata	0	uv run --project "/home/pete.levasseur/project/fls-system-abi-anchor-integration-20260207T042229Z" python -c "import json; d=json.load(open('/home/pete.levasseur/opencode-project-agents/fls/reports/system-abi-variadic-dedupe-base-integration-20260207T042229Z/update.json')); print('update_action=' + str(d.get('update_action'))); print('anchored_pr_url=' + str(d.get('anchored_pr_url'))); print('anchored_entry_line=' + str(d.get('anchored_entry_line'))); print('anchored_entry_index=' + str(d.get('anchored_entry_index')));"
step7_diff_after_first	0	git -C "/home/pete.levasseur/project/fls-system-abi-anchor-integration-20260207T042229Z" diff -- src/changelog.rst
step7_anchor_after_first_scan	0	rg -n '^- .*<https://github.com/rust-lang/rust/pull/145954>' "/home/pete.levasseur/project/fls-system-abi-anchor-integration-20260207T042229Z/src/changelog.rst"
step7_update_second	0	uv run --project "/home/pete.levasseur/project/fls-system-abi-anchor-integration-20260207T042229Z" python "/home/pete.levasseur/project/fls-system-abi-anchor-integration-20260207T042229Z/tools/changelog_assistant.py" --update --base "f1b193f5197f48686bd56fe881633bb62fad7f27" --title "Anchor replace validation (abi-on-dedupe integration)" --upstream-pr "https://github.com/rust-lang/rust/pull/145954" --emit-report "/home/pete.levasseur/opencode-project-agents/fls/reports/system-abi-variadic-dedupe-base-integration-20260207T042229Z/update-second"
step7_update_second_artifacts	0	test -f "/home/pete.levasseur/opencode-project-agents/fls/reports/system-abi-variadic-dedupe-base-integration-20260207T042229Z/update-second.json" && test -f "/home/pete.levasseur/opencode-project-agents/fls/reports/system-abi-variadic-dedupe-base-integration-20260207T042229Z/update-second.md"
step7_diff_after_second	0	git -C "/home/pete.levasseur/project/fls-system-abi-anchor-integration-20260207T042229Z" diff -- src/changelog.rst
step7_anchor_after_second_scan	0	rg -n '^- .*<https://github.com/rust-lang/rust/pull/145954>' "/home/pete.levasseur/project/fls-system-abi-anchor-integration-20260207T042229Z/src/changelog.rst"
step7_update_missing_default	0	uv run --project "/home/pete.levasseur/project/fls-system-abi-anchor-integration-20260207T042229Z" python "/home/pete.levasseur/project/fls-system-abi-anchor-integration-20260207T042229Z/tools/changelog_assistant.py" --update --base "f1b193f5197f48686bd56fe881633bb62fad7f27" --title "Anchor replace validation (abi-on-dedupe integration)" --upstream-pr "https://github.com/rust-lang/rust/pull/999999" --emit-report "/home/pete.levasseur/opencode-project-agents/fls/reports/system-abi-variadic-dedupe-base-integration-20260207T042229Z/update-missing-default"
step7_update_missing_default_artifacts	0	test -f "/home/pete.levasseur/opencode-project-agents/fls/reports/system-abi-variadic-dedupe-base-integration-20260207T042229Z/update-missing-default.json" && test -f "/home/pete.levasseur/opencode-project-agents/fls/reports/system-abi-variadic-dedupe-base-integration-20260207T042229Z/update-missing-default.md"
step7_update_missing_default_metadata	0	uv run --project "/home/pete.levasseur/project/fls-system-abi-anchor-integration-20260207T042229Z" python -c "import json; d=json.load(open('/home/pete.levasseur/opencode-project-agents/fls/reports/system-abi-variadic-dedupe-base-integration-20260207T042229Z/update-missing-default.json')); print('update_action=' + str(d.get('update_action')));"
step7_update_missing_strict	0	uv run --project "/home/pete.levasseur/project/fls-system-abi-anchor-integration-20260207T042229Z" python "/home/pete.levasseur/project/fls-system-abi-anchor-integration-20260207T042229Z/tools/changelog_assistant.py" --update --base "f1b193f5197f48686bd56fe881633bb62fad7f27" --title "Anchor replace validation (abi-on-dedupe integration)" --upstream-pr "https://github.com/rust-lang/rust/pull/999999" --require-anchor --emit-report "/home/pete.levasseur/opencode-project-agents/fls/reports/system-abi-variadic-dedupe-base-integration-20260207T042229Z/update-missing-strict"
step7_update_missing_strict_error_text	1	rg --fixed-strings -- 'anchor required but no matching entry was found' "/home/pete.levasseur/opencode-project-agents/fls/reports/system-abi-variadic-dedupe-base-integration-20260207T042229Z/step7_update_missing_strict.stdout.txt" "/home/pete.levasseur/opencode-project-agents/fls/reports/system-abi-variadic-dedupe-base-integration-20260207T042229Z/step7_update_missing_strict.stderr.txt"
step7_post_check	0	uv run --project "/home/pete.levasseur/project/fls-system-abi-anchor-integration-20260207T042229Z" python "/home/pete.levasseur/project/fls-system-abi-anchor-integration-20260207T042229Z/tools/changelog_assistant.py" --check --base "f1b193f5197f48686bd56fe881633bb62fad7f27" --emit-report "/home/pete.levasseur/opencode-project-agents/fls/reports/system-abi-variadic-dedupe-base-integration-20260207T042229Z/post-check"
step7_post_check_artifacts	0	test -f "/home/pete.levasseur/opencode-project-agents/fls/reports/system-abi-variadic-dedupe-base-integration-20260207T042229Z/post-check.json" && test -f "/home/pete.levasseur/opencode-project-agents/fls/reports/system-abi-variadic-dedupe-base-integration-20260207T042229Z/post-check.md"
step7_restore_changelog_for_strict_retry	0	git -C "/home/pete.levasseur/project/fls-system-abi-anchor-integration-20260207T042229Z" restore src/changelog.rst
step7_update_missing_strict_retry	1	uv run --project "/home/pete.levasseur/project/fls-system-abi-anchor-integration-20260207T042229Z" python "/home/pete.levasseur/project/fls-system-abi-anchor-integration-20260207T042229Z/tools/changelog_assistant.py" --update --base "f1b193f5197f48686bd56fe881633bb62fad7f27" --title "Anchor replace validation (abi-on-dedupe integration)" --upstream-pr "https://github.com/rust-lang/rust/pull/999999" --require-anchor --emit-report "/home/pete.levasseur/opencode-project-agents/fls/reports/system-abi-variadic-dedupe-base-integration-20260207T042229Z/update-missing-strict-retry"
step7_update_missing_strict_retry_error_text	0	rg --fixed-strings -- 'anchor required but no matching entry was found' "/home/pete.levasseur/opencode-project-agents/fls/reports/system-abi-variadic-dedupe-base-integration-20260207T042229Z/step7_update_missing_strict_retry.stdout.txt" "/home/pete.levasseur/opencode-project-agents/fls/reports/system-abi-variadic-dedupe-base-integration-20260207T042229Z/step7_update_missing_strict_retry.stderr.txt"
step7_update_missing_strict	1	uv run --project "/home/pete.levasseur/project/fls-system-abi-anchor-integration-20260207T042229Z" python "/home/pete.levasseur/project/fls-system-abi-anchor-integration-20260207T042229Z/tools/changelog_assistant.py" --update --base "f1b193f5197f48686bd56fe881633bb62fad7f27" --title "Anchor replace validation (abi-on-dedupe integration)" --upstream-pr "https://github.com/rust-lang/rust/pull/999999" --require-anchor --emit-report "/home/pete.levasseur/opencode-project-agents/fls/reports/system-abi-variadic-dedupe-base-integration-20260207T042229Z/update-missing-strict"
step7_update_missing_strict_error_text	0	rg --fixed-strings -- 'anchor required but no matching entry was found' "/home/pete.levasseur/opencode-project-agents/fls/reports/system-abi-variadic-dedupe-base-integration-20260207T042229Z/step7_update_missing_strict.stdout.txt" "/home/pete.levasseur/opencode-project-agents/fls/reports/system-abi-variadic-dedupe-base-integration-20260207T042229Z/step7_update_missing_strict.stderr.txt"
